#Organism Name,Organism Groups,Size(Mb),Chromosomes,Organelles,Plasmids,Assemblies
"Abeoforma whisleri","Eukaryota;Protists;Other Protists",101.554,0,0,0,1
"Acanthamoeba","Eukaryota;Protists;Other Protists",15.6969,0,0,0,3
"Acanthamoeba astronyxis","Eukaryota;Protists;Other Protists",83.4325,0,0,0,1
"Acanthamoeba castellanii","Eukaryota;Protists;Other Protists",42.0198,0,0,0,7
"Acanthamoeba comandoni","Eukaryota;Protists;Other Protists",86.2147,0,0,0,1
"Acanthamoeba culbertsoni","Eukaryota;Protists;Other Protists",55.5438,0,0,0,1
"Acanthamoeba divionensis","Eukaryota;Protists;Other Protists",84.7694,0,0,0,1
"Acanthamoeba healyi","Eukaryota;Protists;Other Protists",75.3182,0,0,0,1
"Acanthamoeba lenticulata","Eukaryota;Protists;Other Protists",75.5694,0,0,0,3
"Acanthamoeba lugdunensis","Eukaryota;Protists;Other Protists",99.4171,0,0,0,1
"Acanthamoeba mauritaniensis","Eukaryota;Protists;Other Protists",106.836,0,0,0,1
"Acanthamoeba palestinensis","Eukaryota;Protists;Other Protists",103.483,0,0,0,1
"Acanthamoeba pearcei","Eukaryota;Protists;Other Protists",115.614,0,0,0,1
"Acanthamoeba polyphaga","Eukaryota;Protists;Other Protists",49.3537,0,0,0,2
"Acanthamoeba quina","Eukaryota;Protists;Other Protists",83.589,0,0,0,1
"Acanthamoeba rhysodes","Eukaryota;Protists;Other Protists",75.8213,0,0,0,1
"Acanthamoeba royreba","Eukaryota;Protists;Other Protists",79.5441,0,0,0,1
"Acanthamoeba triangularis","Eukaryota;Protists;Other Protists",66.4284,0,0,0,1
"Achlya hypogyna","Eukaryota;Protists;Other Protists",43.3985,0,0,0,1
"Acrasis kona","Eukaryota;Protists;Other Protists",44.0204,0,0,0,1
"Acytostelium leptosomum","Eukaryota;Protists;Other Protists",57.2568,0,0,0,1
"Acytostelium subglobosum","Eukaryota;Protists;Other Protists",31.003,0,0,0,1
"Aduncisulcus paluster","Eukaryota;Protists;Other Protists",29.5535,0,0,0,1
"Albugo candida","Eukaryota;Protists;Other Protists",38.9616,0,0,0,9
"Albugo laibachii","Eukaryota;Protists;Other Protists",32.7668,0,0,0,1
"Amoeboaphelidium occidentale","Eukaryota;Protists;Other Protists",13.5597,0,0,0,1
"Amoeboaphelidium protococcarum","Eukaryota;Protists;Other Protists",24.7348,0,0,0,2
"Amoebophrya","Eukaryota;Protists;Other Protists",85.5576,0,0,0,3
"Amphidinium carterae","Eukaryota;Protists;Other Protists",478.166,0,0,0,1
"Anaeramoeba flamelloides","Eukaryota;Protists;Other Protists",254.084,0,0,0,2
"Anaeramoeba ignava","Eukaryota;Protists;Other Protists",42.8434,0,0,0,1
"Andalucia godoyi","Eukaryota;Protists;Other Protists",20.0886,0,0,0,1
"Angomonas ambiguus","Eukaryota;Protists;Kinetoplasts",23.4169,0,0,0,1
"Angomonas deanei","Eukaryota;Protists;Kinetoplasts",20.9761,29,0,0,4
"Angomonas desouzai","Eukaryota;Protists;Kinetoplasts",24.2509,0,0,0,1
"Aphanomyces astaci","Eukaryota;Protists;Other Protists",75.8444,0,0,0,14
"Aphanomyces cochlioides","Eukaryota;Protists;Other Protists",76.2194,0,0,0,1
"Aphanomyces euteiches","Eukaryota;Protists;Other Protists",73.2841,0,0,0,7
"Aphanomyces invadans","Eukaryota;Protists;Other Protists",71.4025,0,0,0,2
"Aphanomyces stellatus","Eukaryota;Protists;Other Protists",62.1155,0,0,0,3
"Ascogregarina taiwanensis","Eukaryota;Protists;Apicomplexans",6.14941,0,0,0,1
"Asparagopsis taxiformis","Eukaryota;Other;Other",46.695,0,0,0,2
"Asterionella formosa","Eukaryota;Other;Other",68.4198,0,0,0,1
"Asterionellopsis glacialis","Eukaryota;Other;Other",66.8796,0,0,0,1
"Asterochloris erici","Eukaryota;Plants;Green Algae",55.5868,0,0,0,1
"Astrammina rara","Eukaryota;Protists;Other Protists",1.45009,0,0,0,1
"Astrephomene gubernaculifera","Eukaryota;Plants;Green Algae",103.864,0,1,0,1
"Aurantiochytrium","Eukaryota;Protists;Other Protists",76.8225,0,0,0,2
"Aurantiochytrium acetophilum","Eukaryota;Protists;Other Protists",59.5693,0,1,0,1
"Aureococcus anophagefferens","Eukaryota;Protists;Other Protists",56.6606,0,0,0,4
"Auxenochlorella protothecoides","Eukaryota;Plants;Green Algae",22.9246,0,0,0,3
"Auxenochlorella pyrenoidosa","Eukaryota;Plants;Green Algae",56.993,0,0,0,1
"Axilococcus clingmanii","Eukaryota;Plants;Green Algae",13.1499,0,0,0,1
"Babesia","Eukaryota;Protists;Apicomplexans",8.44754,0,0,0,1
"Babesia bigemina","Eukaryota;Protists;Apicomplexans",13.8409,5,0,0,4
"Babesia bovis","Eukaryota;Protists;Apicomplexans",8.22883,3,3,0,3
"Babesia caballi","Eukaryota;Protists;Apicomplexans",12.8167,0,1,0,1
"Babesia divergens","Eukaryota;Protists;Apicomplexans",9.72541,0,0,0,2
"Babesia duncani","Eukaryota;Protists;Apicomplexans",10.4081,5,0,0,2
"Babesia microti","Eukaryota;Protists;Apicomplexans",6.43448,4,2,0,7
"Babesia ovata","Eukaryota;Protists;Apicomplexans",14.4534,0,0,0,1
"Babesia ovis","Eukaryota;Protists;Apicomplexans",8.38924,0,0,0,1
"Balamuthia mandrillaris","Eukaryota;Protists;Other Protists",67.6565,0,1,0,2
"Bathycoccus","Eukaryota;Plants;Green Algae",1.69413,0,0,0,6
"Bathycoccus prasinos","Eukaryota;Plants;Green Algae",15.0743,19,2,0,4
"Besnoitia besnoiti","Eukaryota;Protists;Apicomplexans",58.8459,13,1,0,1
"Bigelowiella natans","Eukaryota;Other;Other",91.4059,0,0,0,2
"Blastocrithidia","Eukaryota;Protists;Kinetoplasts",24.7064,0,0,0,1
"Blastocystis","Eukaryota;Protists;Other Protists",13.1729,0,0,0,41
"Blastocystis hominis","Eukaryota;Protists;Other Protists",18.8172,0,0,0,3
"Blechomonas ayalai","Eukaryota;Protists;Kinetoplasts",21.5476,0,0,0,1
"Bodo saltans","Eukaryota;Protists;Kinetoplasts",39.8644,0,0,0,1
"Botryococcus braunii","Eukaryota;Plants;Green Algae",184.382,0,0,0,1
"Bremia lactucae","Eukaryota;Protists;Other Protists",115.936,19,0,0,1
"Breviolum minutum","Eukaryota;Protists;Other Protists",609.476,0,0,0,1
"Cafeteria burkhardae","Eukaryota;Protists;Other Protists",38.8004,0,0,0,1
"Cafeteria roenbergensis","Eukaryota;Protists;Other Protists",36.327,0,1,0,4
"Capsaspora owczarzaki","Eukaryota;Protists;Other Protists",27.9678,0,0,0,1
"Cardiosporidium cionae","Eukaryota;Protists;Apicomplexans",57.0316,0,1,0,1
"Carpediemonas membranifera","Eukaryota;Protists;Other Protists",24.2378,0,0,0,1
"Cavenderia deminutiva","Eukaryota;Protists;Other Protists",45.8015,0,0,0,1
"Cavenderia fasciculata","Eukaryota;Protists;Other Protists",31.0192,0,0,0,1
"Certesia quadrinucleata","Eukaryota;Protists;Other Protists",71.0829,0,0,0,1
"Chaetoceros muellerii","Eukaryota;Other;Other",37.7352,0,0,0,1
"Chaetoceros tenuissimus","Eukaryota;Other;Other",41.1538,0,2,0,1
"Chara braunii","Eukaryota;Plants;Other Plants",1751.21,0,0,0,1
"Characiochloris","Eukaryota;Plants;Green Algae",95.4771,0,0,0,1
"Chlamydomonas","Eukaryota;Plants;Green Algae",120.064,0,0,0,7
"Chlamydomonas applanata","Eukaryota;Plants;Green Algae",78.5042,0,0,0,1
"Chlamydomonas asymmetrica","Eukaryota;Plants;Green Algae",141.916,0,0,0,1
"Chlamydomonas eustigma","Eukaryota;Plants;Green Algae",66.6295,0,0,0,1
"Chlamydomonas incerta","Eukaryota;Plants;Green Algae",129.236,0,0,0,1
"Chlamydomonas reinhardtii","Eukaryota;Plants;Green Algae",111.098,17,0,0,9
"Chlamydomonas schloesseri","Eukaryota;Plants;Green Algae",130.201,0,0,0,1
"Chlamydomonas sphaeroides","Eukaryota;Plants;Green Algae",122.189,0,0,0,1
"Chlorella","Eukaryota;Plants;Green Algae",126.282,0,0,0,8
"Chlorella desiccata (nom. nud.)","Eukaryota;Plants;Green Algae",21.5505,0,0,0,2
"Chlorella ohadii","Eukaryota;Plants;Green Algae",57.0912,0,0,0,1
"Chlorella sorokiniana","Eukaryota;Plants;Green Algae",38.8075,13,2,0,8
"Chlorella variabilis","Eukaryota;Plants;Green Algae",46.1595,0,0,0,1
"Chlorella vulgaris","Eukaryota;Plants;Green Algae",40.4379,0,2,0,5
"Chloroidium","Eukaryota;Plants;Green Algae",60.4453,0,0,0,2
"Chlorokybus atmophyticus","Eukaryota;Plants;Other Plants",74.3303,0,0,0,1
"Chloromonas","Eukaryota;Plants;Green Algae",102.366,0,0,0,1
"Chloropicon primus","Eukaryota;Plants;Green Algae",17.5842,20,0,0,2
"Chondria armata","Eukaryota;Other;Other",507.584,0,0,0,1
"Chondrus crispus","Eukaryota;Other;Other",104.98,0,1,0,1
"Chromera velia","Eukaryota;Protists;Other Protists",193.888,0,0,0,2
"Chromulina nebulosa","Eukaryota;Protists;Other Protists",110.815,0,0,0,1
"Chromulinospumella sphaerica","Eukaryota;Protists;Other Protists",82.045,0,0,0,1
"Chroomonas mesostigmatica","Eukaryota;Protists;Other Protists",0.702852,3,0,0,1
"Chrysochromulina parva","Eukaryota;Protists;Other Protists",65.7648,0,0,0,1
"Chrysochromulina tobinii","Eukaryota;Protists;Other Protists",59.0731,0,0,0,1
"Chrysophaeum taylorii","Eukaryota;Protists;Other Protists",70.845,0,0,0,1
"Cladocopium","Eukaryota;Protists;Other Protists",703.699,0,0,0,1
"Cladocopium goreaui","Eukaryota;Protists;Other Protists",1171.46,0,0,0,1
"Cladosiphon okamuranus","Eukaryota;Other;Other",169.731,0,0,0,1
"Closterium","Eukaryota;Plants;Other Plants",339.186,0,2,0,2
"Coccomyxa","Eukaryota;Plants;Green Algae",11.7544,18,2,0,3
"Coccomyxa subellipsoidea","Eukaryota;Plants;Green Algae",40.6366,0,0,0,2
"Coccomyxa subellipsoidea C-169","Eukaryota;Plants;Green Algae",48.8266,0,0,0,1
"Cochliopodium minus","Eukaryota;Protists;Other Protists",50.5528,0,0,0,1
"Coelastrella","Eukaryota;Plants;Green Algae",151.547,0,1,0,3
"Condylostoma magnum","Eukaryota;Protists;Other Protists",50.4355,0,0,0,2
"Corallochytrium limacisporum","Eukaryota;Protists;Other Protists",24.1098,0,0,0,1
"Coremiostelium polycephalum","Eukaryota;Protists;Other Protists",48.621,0,0,0,1
"Craspedostauros australis","Eukaryota;Other;Other",65.8884,0,0,0,1
"Creolimax fragrantissima","Eukaryota;Protists;Other Protists",44.808,0,0,0,1
"Crithidia","Eukaryota;Protists;Kinetoplasts",34.3934,38,0,0,1
"Crithidia acanthocephali","Eukaryota;Protists;Kinetoplasts",33.7832,0,0,0,1
"Crithidia bombi","Eukaryota;Protists;Kinetoplasts",32.0384,0,0,0,3
"Crithidia expoeki","Eukaryota;Protists;Kinetoplasts",34.078,0,0,0,1
"Crithidia fasciculata","Eukaryota;Protists;Kinetoplasts",41.2974,30,1,0,1
"Crithidia mellificae","Eukaryota;Protists;Kinetoplasts",49.9517,0,0,0,2
"Cryptomonas paramecium","Eukaryota;Protists;Other Protists",0.564783,3,1,0,1
"Cryptosporidium","Eukaryota;Protists;Apicomplexans",9.50978,0,0,0,2
"Cryptosporidium andersoni","Eukaryota;Protists;Apicomplexans",9.08856,0,0,0,3
"Cryptosporidium baileyi","Eukaryota;Protists;Apicomplexans",8.49364,0,0,0,1
"Cryptosporidium bovis","Eukaryota;Protists;Apicomplexans",9.11117,0,0,0,7
"Cryptosporidium canis","Eukaryota;Protists;Apicomplexans",8.74375,0,0,0,3
"Cryptosporidium cuniculus","Eukaryota;Protists;Apicomplexans",9.18365,0,0,0,1
"Cryptosporidium felis","Eukaryota;Protists;Apicomplexans",8.55063,0,0,0,1
"Cryptosporidium hominis","Eukaryota;Protists;Apicomplexans",8.74357,0,0,0,14
"Cryptosporidium meleagridis","Eukaryota;Protists;Apicomplexans",8.9732,0,0,0,3
"Cryptosporidium muris","Eukaryota;Protists;Apicomplexans",9.24525,0,0,0,1
"Cryptosporidium parvum","Eukaryota;Protists;Apicomplexans",9.10232,8,0,0,21
"Cryptosporidium ryanae","Eukaryota;Protists;Apicomplexans",9.05934,0,0,0,1
"Cryptosporidium tyzzeri","Eukaryota;Protists;Apicomplexans",9.01571,0,0,0,1
"Cryptosporidium ubiquitum","Eukaryota;Protists;Apicomplexans",8.97021,0,0,0,5
"Cryptosporidium viatorum","Eukaryota;Protists;Apicomplexans",9.26434,0,0,0,1
"Cyanidiococcus yangmingshanensis","Eukaryota;Other;Other",12.0727,0,0,0,2
"Cyanidioschyzon merolae","Eukaryota;Other;Other",16.5467,20,0,0,4
"Cyanidium caldarium","Eukaryota;Other;Other",8.78736,0,0,0,2
"Cyanophora paradoxa","Eukaryota;Protists;Other Protists",99.9404,0,0,0,1
"Cyclospora cayetanensis","Eukaryota;Protists;Apicomplexans",44.3636,0,0,0,40
"Cyclotella cryptica","Eukaryota;Other;Other",171.139,0,0,0,1
"Cylindrotheca fusiformis","Eukaryota;Other;Other",48.2496,0,0,0,1
"Cymbomonas tetramitiformis","Eukaryota;Plants;Green Algae",281.27,0,0,0,1
"Cystoisospora suis","Eukaryota;Protists;Apicomplexans",83.6375,0,0,0,1
"Cytauxzoon felis","Eukaryota;Protists;Apicomplexans",9.10917,0,0,0,1
"Dasytricha ruminantium","Eukaryota;Protists;Other Protists",1.76152,0,0,0,5
"Desmodesmus armatus","Eukaryota;Plants;Green Algae",116.304,0,0,0,2
"Diacronema lutheri","Eukaryota;Protists;Other Protists",43.5027,0,0,0,1
"Dictyostelium brefeldianum","Eukaryota;Protists;Other Protists",37.1262,0,0,0,1
"Dictyostelium capitatum","Eukaryota;Protists;Other Protists",46.7307,0,0,0,1
"Dictyostelium citrinum","Eukaryota;Protists;Other Protists",26.2518,0,0,0,1
"Dictyostelium discoideum","Eukaryota;Protists;Other Protists",34.205,6,1,1,1
"Dictyostelium firmibasis","Eukaryota;Protists;Other Protists",30.5597,0,0,0,1
"Dictyostelium gargantuum","Eukaryota;Protists;Other Protists",43.1565,0,0,0,1
"Dictyostelium intermedium","Eukaryota;Protists;Other Protists",30.5295,0,0,0,1
"Dictyostelium purpureum","Eukaryota;Protists;Other Protists",32.9672,0,0,0,2
"Dictyostelium rosarium","Eukaryota;Protists;Other Protists",56.7173,0,0,0,1
"Digenea simplex","Eukaryota;Other;Other",299.321,0,0,0,1
"Dinobryon","Eukaryota;Protists;Other Protists",87.4954,0,0,0,1
"Dinobryon divergens","Eukaryota;Protists;Other Protists",113.368,0,0,0,1
"Diophrys","Eukaryota;Protists;Other Protists",91.372,0,0,0,1
"Diophrys appendiculata","Eukaryota;Protists;Other Protists",67.2682,0,0,0,1
"Diplodinium dentatum","Eukaryota;Protists;Other Protists",97.7745,0,0,0,3
"Diplodinium flabellum","Eukaryota;Protists;Other Protists",54.1578,0,0,0,1
"Diplonema papillatum","Eukaryota;Protists;Other Protists",280.283,0,0,0,2
"Dunaliella","Eukaryota;Plants;Green Algae",125.753,0,0,0,4
"Dunaliella primolecta","Eukaryota;Plants;Green Algae",210.95,16,0,0,2
"Dunaliella salina","Eukaryota;Plants;Green Algae",343.704,0,0,0,1
"Ectocarpus","Eukaryota;Other;Other",242.356,27,0,0,3
"Ectocarpus siliculosus","Eukaryota;Other;Other",195.811,34,0,0,1
"Edaphochlamys debaryana","Eukaryota;Plants;Green Algae",142.143,0,0,0,2
"Eimeria","Eukaryota;Protists;Apicomplexans",58.0198,0,0,0,3
"Eimeria acervulina","Eukaryota;Protists;Apicomplexans",45.8306,0,0,0,1
"Eimeria brunetti","Eukaryota;Protists;Apicomplexans",66.8902,0,0,0,1
"Eimeria falciformis","Eukaryota;Protists;Apicomplexans",43.6713,0,1,0,1
"Eimeria maxima","Eukaryota;Protists;Apicomplexans",45.9751,0,0,0,1
"Eimeria mitis","Eukaryota;Protists;Apicomplexans",72.2403,0,0,0,1
"Eimeria necatrix","Eukaryota;Protists;Apicomplexans",55.0079,0,0,0,1
"Eimeria nieschulzi","Eukaryota;Protists;Apicomplexans",62.8325,0,0,0,1
"Eimeria praecox","Eukaryota;Protists;Apicomplexans",60.0833,0,0,0,1
"Eimeria tenella","Eukaryota;Protists;Apicomplexans",51.8944,0,1,0,3
"Elongisporangium anandrum","Eukaryota;Protists;Other Protists",38.9744,0,0,0,1
"Elongisporangium dimorphum","Eukaryota;Protists;Other Protists",39.7263,0,0,0,1
"Elongisporangium prolatum","Eukaryota;Protists;Other Protists",44.2004,0,0,0,1
"Elongisporangium senticosum","Eukaryota;Protists;Other Protists",44.2803,0,0,0,1
"Elongisporangium undulatum","Eukaryota;Protists;Other Protists",40.4854,0,0,0,1
"Emiliania huxleyi","Eukaryota;Protists;Other Protists",167.676,0,0,0,1
"Endotrypanum monterogeii","Eukaryota;Protists;Kinetoplasts",32.5204,36,0,0,2
"Enoploplastron triloricatum","Eukaryota;Protists;Other Protists",143.451,0,0,0,3
"Entamoeba dispar","Eukaryota;Protists;Other Protists",30.6332,0,0,0,1
"Entamoeba histolytica","Eukaryota;Protists;Other Protists",20.8354,0,0,0,12
"Entamoeba invadens","Eukaryota;Protists;Other Protists",40.8783,0,0,0,1
"Entamoeba moshkovskii","Eukaryota;Protists;Other Protists",25.2475,0,0,0,1
"Entamoeba nuttalli","Eukaryota;Protists;Other Protists",14.4,0,0,0,1
"Entodinium bursa","Eukaryota;Protists;Other Protists",72.6746,0,0,0,3
"Entodinium caudatum","Eukaryota;Protists;Other Protists",117.069,0,0,0,3
"Entodinium longinucleatum","Eukaryota;Protists;Other Protists",56.3348,0,0,0,1
"Epidinium cattanei","Eukaryota;Protists;Other Protists",78.8475,0,0,0,3
"Epidinium caudatum","Eukaryota;Protists;Other Protists",102.021,0,0,0,3
"Epipyxis","Eukaryota;Protists;Other Protists",57.5339,0,0,0,1
"Epithemia pelagica","Eukaryota;Other;Other",60.5205,15,2,0,2
"Eremoplastron rostratum","Eukaryota;Protists;Other Protists",65.2495,0,0,0,2
"Ettlia oleoabundans","Eukaryota;Plants;Green Algae",48.9072,0,0,0,1
"Eudorina","Eukaryota;Plants;Green Algae",184.032,0,0,0,2
"Euglena gracilis","Eukaryota;Protists;Other Protists",1435.5,0,0,0,2
"Euplotes","Eukaryota;Protists;Other Protists",29.9783,0,0,0,1
"Euplotes cf. woodruffi 2 WChen-2021","Eukaryota;Protists;Other Protists",81.4499,0,0,0,1
"Euplotes focardii","Eukaryota;Protists;Other Protists",49.2749,0,0,0,1
"Euplotes parawoodruffi","Eukaryota;Protists;Other Protists",74.2111,0,0,0,1
"Euplotes weissei","Eukaryota;Protists;Other Protists",82.1385,0,0,0,1
"Euplotes woodruffi","Eukaryota;Protists;Other Protists",72.1677,0,0,0,3
"Fabrea salina","Eukaryota;Protists;Other Protists",18.352,0,0,0,1
"Fistulifera pelliculosa","Eukaryota;Other;Other",30.1582,0,0,0,1
"Fistulifera solaris","Eukaryota;Other;Other",49.7366,0,0,0,1
"Fonticula alba","Eukaryota;Protists;Other Protists",31.2965,0,0,0,1
"Fragilaria crotonensis","Eukaryota;Other;Other",62.1079,0,0,0,1
"Fragilaria radians","Eukaryota;Other;Other",98.3778,0,0,0,1
"Fragilariopsis cylindrus","Eukaryota;Other;Other",68.9745,0,0,0,2
"Fragilariopsis kerguelensis","Eukaryota;Other;Other",0.010223,1,0,0,1
"Fucus vesiculosus","Eukaryota;Other;Other",1514.18,0,0,0,1
"Galdieria phlegrea","Eukaryota;Other;Other",14.8712,0,0,0,1
"Galdieria sulphuraria","Eukaryota;Other;Other",13.712,0,0,0,13
"Giardia intestinalis","Eukaryota;Protists;Other Protists",12.0782,5,0,0,31
"Giardia muris","Eukaryota;Protists;Other Protists",9.77792,5,0,0,1
"Globisporangium abappressorium","Eukaryota;Protists;Other Protists",48.8903,0,0,0,1
"Globisporangium acanthophoron","Eukaryota;Protists;Other Protists",34.2273,0,0,0,1
"Globisporangium alternatum","Eukaryota;Protists;Other Protists",41.8554,0,0,0,1
"Globisporangium barbulae","Eukaryota;Protists;Other Protists",42.7239,0,0,0,1
"Globisporangium camurandrum","Eukaryota;Protists;Other Protists",56.5071,0,0,0,1
"Globisporangium canariense","Eukaryota;Protists;Other Protists",40.0889,0,0,0,1
"Globisporangium carolinianum","Eukaryota;Protists;Other Protists",33.9839,0,0,0,1
"Globisporangium cederbergense","Eukaryota;Protists;Other Protists",39.6314,0,0,0,1
"Globisporangium cryptoirregulare","Eukaryota;Protists;Other Protists",48.8683,0,0,0,1
"Globisporangium cylindrosporum","Eukaryota;Protists;Other Protists",47.1808,0,0,0,1
"Globisporangium cystogenes","Eukaryota;Protists;Other Protists",35.3679,0,0,0,1
"Globisporangium debaryanum","Eukaryota;Protists;Other Protists",45.8028,0,0,0,1
"Globisporangium echinulatum","Eukaryota;Protists;Other Protists",41.4273,0,0,0,1
"Globisporangium emineosum","Eukaryota;Protists;Other Protists",50.3668,0,0,0,1
"Globisporangium erinaceum","Eukaryota;Protists;Other Protists",41.1744,0,0,0,1
"Globisporangium heterothallicum","Eukaryota;Protists;Other Protists",35.0332,0,0,0,1
"Globisporangium irregulare","Eukaryota;Protists;Other Protists",44.4205,0,0,0,3
"Globisporangium iwayamae","Eukaryota;Protists;Other Protists",40.6101,0,0,0,2
"Globisporangium lucens","Eukaryota;Protists;Other Protists",45.351,0,0,0,1
"Globisporangium mamillatum","Eukaryota;Protists;Other Protists",44.9768,0,0,0,1
"Globisporangium megalacanthum","Eukaryota;Protists;Other Protists",52.1044,0,0,0,1
"Globisporangium middletonii","Eukaryota;Protists;Other Protists",42.1185,0,0,0,1
"Globisporangium nagaii","Eukaryota;Protists;Other Protists",37.8564,0,0,0,1
"Globisporangium nodosum","Eukaryota;Protists;Other Protists",34.3769,0,0,0,1
"Globisporangium nunn","Eukaryota;Protists;Other Protists",31.5269,0,0,0,1
"Globisporangium okanoganense","Eukaryota;Protists;Other Protists",44.2097,0,0,0,1
"Globisporangium ornacarpum","Eukaryota;Protists;Other Protists",40.7724,0,0,0,1
"Globisporangium orthogonon","Eukaryota;Protists;Other Protists",30.7975,0,0,0,1
"Globisporangium paddicum","Eukaryota;Protists;Other Protists",42.0186,0,0,0,1
"Globisporangium paroecandrum","Eukaryota;Protists;Other Protists",43.5624,0,0,0,1
"Globisporangium parvum","Eukaryota;Protists;Other Protists",37.6787,0,0,0,1
"Globisporangium perplexum","Eukaryota;Protists;Other Protists",33.6786,0,0,0,1
"Globisporangium polare","Eukaryota;Protists;Other Protists",38.8645,0,0,0,1
"Globisporangium radiosum","Eukaryota;Protists;Other Protists",41.267,0,0,0,1
"Globisporangium recalcitrans","Eukaryota;Protists;Other Protists",34.2678,0,0,0,1
"Globisporangium rhizosaccharum","Eukaryota;Protists;Other Protists",39.4249,0,0,0,1
"Globisporangium solare","Eukaryota;Protists;Other Protists",37.8337,0,0,0,1
"Globisporangium spiculum","Eukaryota;Protists;Other Protists",46.0334,0,0,0,1
"Globisporangium spinosum","Eukaryota;Protists;Other Protists",44.3386,0,0,0,1
"Globisporangium splendens","Eukaryota;Protists;Other Protists",53.361,0,0,0,2
"Globisporangium sylvaticum","Eukaryota;Protists;Other Protists",44.7526,0,0,0,1
"Globisporangium takayamanum","Eukaryota;Protists;Other Protists",37.9471,0,0,0,1
"Globisporangium ultimum","Eukaryota;Protists;Other Protists",44.9135,0,0,0,3
"Globisporangium uncinulatum","Eukaryota;Protists;Other Protists",45.9323,0,0,0,1
"Globisporangium viniferum","Eukaryota;Protists;Other Protists",46.8571,0,0,0,1
"Globisporangium yorkense","Eukaryota;Protists;Other Protists",33.6674,0,0,0,1
"Globobulimina","Eukaryota;Protists;Other Protists",70.2264,0,0,0,1
"Goniomonas avonlea","Eukaryota;Protists;Other Protists",91.517,0,0,0,1
"Gonium pectorale","Eukaryota;Plants;Green Algae",148.806,0,0,0,1
"Gracilaria domingensis","Eukaryota;Other;Other",77.9481,0,2,0,1
"Gracilaria vermiculophylla","Eukaryota;Other;Other",47.8048,0,0,0,1
"Gracilariopsis chorda","Eukaryota;Other;Other",92.18,0,0,0,1
"Gracilariopsis lemaneiformis","Eukaryota;Other;Other",88.6931,0,0,0,1
"Gregarina niphandrodes","Eukaryota;Protists;Apicomplexans",14.0091,0,0,0,1
"Guillardia theta","Eukaryota;Other;Other",87.1453,0,0,0,2
"Haematococcus","Eukaryota;Plants;Green Algae",77.83,0,0,0,1
"Haematococcus lacustris","Eukaryota;Plants;Green Algae",309.351,0,0,0,3
"Haemoproteus tartakovskyi","Eukaryota;Protists;Apicomplexans",23.209,0,1,0,1
"Halamphora","Eukaryota;Other;Other",53.206,0,0,0,2
"Halocafeteria seosinensis","Eukaryota;Protists;Other Protists",44.6208,0,0,0,1
"Halophytophthora batemanensis","Eukaryota;Protists;Other Protists",44.6413,0,0,0,1
"Halophytophthora polymorphica","Eukaryota;Protists;Other Protists",44.4291,0,0,0,1
"Halteria grandinella","Eukaryota;Protists;Other Protists",64.0495,0,0,0,1
"Hammondia hammondi","Eukaryota;Protists;Apicomplexans",51.4981,0,0,0,2
"Haplosporidium pinnae","Eukaryota;Protists;Other Protists",156.976,0,0,0,1
"Helicosporidium","Eukaryota;Plants;Green Algae",12.3738,0,0,0,1
"Hemiselmis andersenii","Eukaryota;Protists;Other Protists",0.632425,3,1,0,1
"Hepatocystis","Eukaryota;Protists;Apicomplexans",19.9825,0,2,0,1
"Herpetomonas muscarum","Eukaryota;Protists;Kinetoplasts",30.8448,0,0,0,1
"Heterococcus","Eukaryota;Protists;Other Protists",60.7427,0,0,0,1
"Heterostelium album","Eukaryota;Protists;Other Protists",32.9702,0,0,1,1
"Heterostelium multicystogenum","Eukaryota;Protists;Other Protists",30.3256,0,0,0,1
"Histomonas meleagridis","Eukaryota;Protists;Other Protists",43.4148,0,0,0,2
"Hondaea fermentalgiana","Eukaryota;Protists;Other Protists",38.9434,0,0,0,2
"Hyaloperonospora arabidopsidis","Eukaryota;Protists;Other Protists",78.3805,0,0,0,3
"Hyaloperonospora brassicae","Eukaryota;Protists;Other Protists",102.623,0,0,0,3
"Hyaloperonospora parasitica","Eukaryota;Protists;Other Protists",36.7407,0,0,0,1
"Hydrurus foetidus","Eukaryota;Protists;Other Protists",171.182,0,0,0,1
"Hyphochytrium catenoides","Eukaryota;Protists;Other Protists",61.0267,0,1,0,2
"Ichthyophonus hoferi","Eukaryota;Protists;Other Protists",88.0791,0,0,0,1
"Ichthyophthirius multifiliis","Eukaryota;Protists;Other Protists",48.8,1,0,0,1
"Isochrysis galbana","Eukaryota;Protists;Other Protists",92.7337,15,0,0,1
"Isotricha","Eukaryota;Protists;Other Protists",55.1784,0,0,0,7
"Isotricha intestinalis","Eukaryota;Protists;Other Protists",88.2006,0,0,0,3
"Isotricha prostoma","Eukaryota;Protists;Other Protists",62.8558,0,0,0,3
"Kappaphycus alvarezii","Eukaryota;Other;Other",336.052,0,0,0,1
"Kipferlia bialata","Eukaryota;Protists;Other Protists",51.0277,0,0,0,1
"Klebsormidium nitens","Eukaryota;Plants;Other Plants",104.21,0,2,0,1
"Labyrinthula","Eukaryota;Protists;Other Protists",50.9481,0,0,0,1
"Lagenidium","Eukaryota;Protists;Other Protists",41.967,0,0,0,1
"Lagenidium giganteum","Eukaryota;Protists;Other Protists",126.261,0,0,0,2
"Laurentiella","Eukaryota;Protists;Other Protists",49.0415,0,0,0,1
"Leishmania","Eukaryota;Protists;Kinetoplasts",27.8483,36,0,0,4
"Leishmania adleri","Eukaryota;Protists;Kinetoplasts",0.019219,1,0,0,1
"Leishmania aethiopica","Eukaryota;Protists;Kinetoplasts",33.6484,0,0,0,2
"Leishmania amazonensis","Eukaryota;Protists;Kinetoplasts",32.1565,34,0,0,4
"Leishmania arabica","Eukaryota;Protists;Kinetoplasts",31.2691,36,0,0,1
"Leishmania braziliensis","Eukaryota;Protists;Kinetoplasts",32.0688,34,0,0,6
"Leishmania chagasi","Eukaryota;Protists;Kinetoplasts",31.9246,36,0,0,4
"Leishmania donovani","Eukaryota;Protists;Kinetoplasts",32.445,36,0,0,11
"Leishmania enriettii","Eukaryota;Protists;Kinetoplasts",33.3189,36,0,0,2
"Leishmania gerbilli","Eukaryota;Protists;Kinetoplasts",31.3986,0,0,0,1
"Leishmania guyanensis","Eukaryota;Protists;Kinetoplasts",32.5447,35,1,0,4
"Leishmania infantum","Eukaryota;Protists;Kinetoplasts",32.1221,36,0,0,6
"Leishmania lainsoni","Eukaryota;Protists;Kinetoplasts",34.152,0,0,0,1
"Leishmania major","Eukaryota;Protists;Kinetoplasts",32.8551,36,0,0,7
"Leishmania martiniquensis","Eukaryota;Protists;Kinetoplasts",32.4137,36,0,0,2
"Leishmania mexicana","Eukaryota;Protists;Kinetoplasts",32.1087,34,0,0,2
"Leishmania orientalis","Eukaryota;Protists;Kinetoplasts",34.1943,36,0,0,2
"Leishmania panamensis","Eukaryota;Protists;Kinetoplasts",30.6888,35,0,0,2
"Leishmania peruviana","Eukaryota;Protists;Kinetoplasts",33.8902,37,0,0,2
"Leishmania tarentolae","Eukaryota;Protists;Kinetoplasts",35.4165,0,0,0,2
"Leishmania tropica","Eukaryota;Protists;Kinetoplasts",32.7007,36,0,0,5
"Leishmania turanica","Eukaryota;Protists;Kinetoplasts",32.32,0,0,0,1
"Lenisia limosa","Eukaryota;Protists;Other Protists",48.9968,0,0,0,1
"Leptomonas pyrrhocoris","Eukaryota;Protists;Kinetoplasts",30.3799,0,0,0,1
"Leptomonas seymouri","Eukaryota;Protists;Kinetoplasts",27.7642,0,0,0,2
"Licmophora abbreviata","Eukaryota;Other;Other",29.2104,0,0,0,1
"Lotharella oceanica","Eukaryota;Protists;Other Protists",0.683589,3,1,0,1
"Lotmaria passim","Eukaryota;Protists;Kinetoplasts",32.813,0,0,0,3
"Macrocystis pyrifera","Eukaryota;Other;Other",409.091,0,0,0,1
"Malawimonas","Eukaryota;Protists;Other Protists",3.54402,0,0,0,1
"Mallomonas annulata","Eukaryota;Protists;Other Protists",108.46,0,0,0,1
"Mastigamoeba balamuthi","Eukaryota;Protists;Other Protists",57.2666,0,0,0,2
"Mesostigma viride","Eukaryota;Plants;Other Plants",441.699,0,0,0,3
"Mesotaenium endlicherianum","Eukaryota;Plants;Other Plants",173.751,0,0,0,1
"Messastrum gracile","Eukaryota;Plants;Green Algae",60.6629,0,0,0,1
"Metadinium minorum","Eukaryota;Protists;Other Protists",88.7412,0,0,0,1
"Micractinium conductrix","Eukaryota;Plants;Green Algae",61.0189,0,2,0,1
"Microchloropsis salina","Eukaryota;Protists;Other Protists",27.7573,0,2,0,3
"Microglena","Eukaryota;Plants;Green Algae",572.69,6,0,0,1
"Micromonas","Eukaryota;Plants;Green Algae",0.614822,0,0,0,5
"Micromonas commoda","Eukaryota;Plants;Green Algae",21.1093,17,2,0,16
"Micromonas pusilla","Eukaryota;Plants;Green Algae",21.9583,0,0,0,2
"Mikrocytos mackini","Eukaryota;Protists;Other Protists",49.6745,0,0,0,1
"Ministeria vibrans","Eukaryota;Protists;Other Protists",29.7225,0,0,0,1
"Moneuplotes crassus","Eukaryota;Protists;Other Protists",58.5666,0,0,0,1
"Monocercomonoides exilis","Eukaryota;Protists;Other Protists",82.3011,0,0,0,1
"Monoraphidium","Eukaryota;Plants;Green Algae",74.6589,0,0,0,1
"Monoraphidium minutum","Eukaryota;Plants;Green Algae",68.1706,0,0,0,1
"Monoraphidium neglectum","Eukaryota;Plants;Green Algae",69.7118,0,2,0,1
"Monosiga brevicollis","Eukaryota;Protists;Other Protists",41.7099,0,1,0,1
"Mychonastes homosphaera","Eukaryota;Plants;Green Algae",24.2042,0,0,0,1
"Naegleria fowleri","Eukaryota;Protists;Other Protists",29.5499,0,1,1,8
"Naegleria gruberi","Eukaryota;Protists;Other Protists",40.9641,0,0,0,1
"Naegleria lovaniensis","Eukaryota;Protists;Other Protists",30.8302,0,1,1,5
"Nannochloris","Eukaryota;Plants;Green Algae",13.742,0,0,0,2
"Nannochloropsis","Eukaryota;Protists;Other Protists",29.3018,0,0,0,1
"Nannochloropsis gaditana","Eukaryota;Protists;Other Protists",33.987,0,0,0,4
"Nannochloropsis granulata","Eukaryota;Protists;Other Protists",27.6511,0,0,0,1
"Nannochloropsis limnetica","Eukaryota;Protists;Other Protists",33.5089,0,0,0,1
"Nannochloropsis oceanica","Eukaryota;Protists;Other Protists",29.2648,30,2,0,7
"Nannochloropsis oculata","Eukaryota;Protists;Other Protists",26.2748,0,0,0,1
"Neoporphyra haitanensis","Eukaryota;Other;Other",53.2546,0,0,0,2
"Neopyropia yezoensis","Eukaryota;Other;Other",107.591,3,0,0,1
"Neospora caninum","Eukaryota;Protists;Apicomplexans",57.5474,14,0,0,4
"Neovahlkampfia damariscottae","Eukaryota;Protists;Other Protists",21.6834,0,0,0,1
"Nephromyces","Eukaryota;Protists;Apicomplexans",59.8904,0,0,0,2
"Nitzschia","Eukaryota;Other;Other",27.2294,17,2,0,3
"Nitzschia inconspicua","Eukaryota;Other;Other",99.9158,0,2,0,1
"Nitzschia palea","Eukaryota;Other;Other",41.156,0,0,0,1
"Nitzschia putrida","Eukaryota;Other;Other",47.1336,0,0,0,1
"Nothophytophthora","Eukaryota;Protists;Other Protists",84.4455,0,0,0,1
"Novymonas esmeraldas","Eukaryota;Protists;Kinetoplasts",32.0547,0,0,0,1
"Ochromonas","Eukaryota;Protists;Other Protists",29.2377,0,0,0,10
"Ochromonas danica","Eukaryota;Protists;Other Protists",44.1931,0,0,0,1
"Ophryocystis elektroscirrha","Eukaryota;Protists;Apicomplexans",8.59844,0,0,0,1
"Ophryoscolex caudatus","Eukaryota;Protists;Other Protists",84.8854,0,0,0,10
"Opisthokonta","Eukaryota;Protists;Other Protists",19.3437,11,1,0,29
"Ostracodinium dentatum","Eukaryota;Protists;Other Protists",65.1571,0,0,0,1
"Ostracodinium gracile","Eukaryota;Protists;Other Protists",109.482,0,0,0,3
"Ostreobium quekettii","Eukaryota;Plants;Green Algae",151.902,0,0,0,1
"Ostreococcus","Eukaryota;Plants;Green Algae",0.884776,0,0,0,4
"Ostreococcus mediterraneus","Eukaryota;Plants;Green Algae",13.9845,0,2,0,1
"Ostreococcus sp. 'lucimarinus'","Eukaryota;Plants;Green Algae",13.2049,21,0,0,3
"Ostreococcus tauri","Eukaryota;Plants;Green Algae",13.0328,20,2,0,7
"Oxytricha trifallax","Eukaryota;Protists;Other Protists",496.291,0,0,0,3
"Parachlorella kessleri","Eukaryota;Plants;Green Algae",59.1878,0,0,0,2
"Paralagenidium karlingii","Eukaryota;Protists;Other Protists",51.8369,0,0,0,2
"Paramecium biaurelia","Eukaryota;Protists;Other Protists",76.9631,0,0,0,1
"Paramecium bursaria","Eukaryota;Protists;Other Protists",26.8203,0,0,0,8
"Paramecium caudatum","Eukaryota;Protists;Other Protists",30.4809,0,0,0,1
"Paramecium octaurelia","Eukaryota;Protists;Other Protists",86.4396,0,0,0,1
"Paramecium pentaurelia","Eukaryota;Protists;Other Protists",87.2955,0,0,0,1
"Paramecium primaurelia","Eukaryota;Protists;Other Protists",86.3295,0,0,0,1
"Paramecium sexaurelia","Eukaryota;Protists;Other Protists",68.0166,0,0,0,1
"Paramecium sonneborni","Eukaryota;Protists;Other Protists",98.0564,0,0,0,1
"Paramecium tetraurelia","Eukaryota;Protists;Other Protists",72.0945,0,0,0,2
"Paramoeba pemaquidensis","Eukaryota;Protists;Other Protists",34.387,0,0,0,1
"Paratrimastix pyriformis","Eukaryota;Protists;Other Protists",56.6276,0,0,0,1
"Paratrypanosoma confusum","Eukaryota;Protists;Kinetoplasts",27.5462,0,0,0,1
"Paraurostyla","Eukaryota;Protists;Other Protists",57.1074,0,0,0,1
"Parietichytrium","Eukaryota;Protists;Other Protists",43.3722,0,0,0,1
"Parvularia atlantis","Eukaryota;Protists;Other Protists",19.245,0,0,0,1
"Paulinella micropora","Eukaryota;Protists;Other Protists",707.124,0,0,0,2
"Pedospumella encystans","Eukaryota;Protists;Other Protists",61.2031,0,0,0,2
"Pelagomonas calceolata","Eukaryota;Protists;Other Protists",32.4453,0,0,0,1
"Pelomyxa schiedti","Eukaryota;Protists;Other Protists",52.3674,0,0,0,1
"Penium margaritaceum","Eukaryota;Plants;Other Plants",3661.74,0,0,0,1
"Perkinsela","Eukaryota;Protists;Kinetoplasts",9.4778,0,0,0,1
"Perkinsus","Eukaryota;Protists;Other Protists",1.47289,0,0,0,1
"Perkinsus chesapeaki","Eukaryota;Protists;Other Protists",41.6842,0,0,0,1
"Perkinsus marinus","Eukaryota;Protists;Other Protists",86.6051,0,0,0,1
"Perkinsus olseni","Eukaryota;Protists;Other Protists",63.1003,0,0,0,5
"Peronosclerospora sorghi","Eukaryota;Protists;Other Protists",325.251,13,0,0,1
"Peronospora belbahrii","Eukaryota;Protists;Other Protists",32.8948,0,0,0,4
"Peronospora destructor","Eukaryota;Protists;Other Protists",29.3348,0,0,0,2
"Peronospora effusa","Eukaryota;Protists;Other Protists",58.5784,17,0,0,8
"Peronospora farinosa","Eukaryota;Protists;Other Protists",48.7172,0,0,0,2
"Peronospora matthiolae","Eukaryota;Protists;Other Protists",83.1927,0,0,0,1
"Peronospora tabacina","Eukaryota;Protists;Other Protists",63.0659,0,0,0,1
"Phaeodactylum tricornutum","Eukaryota;Other;Other",27.4507,33,0,0,2
"Physarum polycephalum","Eukaryota;Protists;Other Protists",205.176,0,0,0,1
"Phytomonas","Eukaryota;Protists;Kinetoplasts",18.1292,0,0,0,2
"Phytomonas francai","Eukaryota;Protists;Kinetoplasts",17.722,0,0,0,1
"Phytomonas serpens","Eukaryota;Protists;Kinetoplasts",25.6932,0,0,0,1
"Phytophthora","Eukaryota;Protists;Other Protists",75.826,0,0,0,1
"Phytophthora agathidicida","Eukaryota;Protists;Other Protists",56.9963,10,1,0,3
"Phytophthora aleatoria","Eukaryota;Protists;Other Protists",50.5873,0,0,0,1
"Phytophthora betacei","Eukaryota;Protists;Other Protists",270.894,0,0,0,1
"Phytophthora boehmeriae","Eukaryota;Protists;Other Protists",52.0855,0,0,0,3
"Phytophthora brassicae","Eukaryota;Protists;Other Protists",72.8357,0,0,0,1
"Phytophthora cactorum","Eukaryota;Protists;Other Protists",65.9597,0,0,0,21
"Phytophthora cajani","Eukaryota;Protists;Other Protists",64.811,0,0,0,1
"Phytophthora cambivora","Eukaryota;Protists;Other Protists",230.616,0,0,0,1
"Phytophthora capsici","Eukaryota;Protists;Other Protists",76.8393,0,0,0,14
"Phytophthora castanetorum","Eukaryota;Protists;Other Protists",69.7637,0,0,0,1
"Phytophthora chlamydospora","Eukaryota;Protists;Other Protists",45.3033,0,1,0,1
"Phytophthora cinnamomi","Eukaryota;Protists;Other Protists",109.702,0,0,0,7
"Phytophthora citricola","Eukaryota;Protists;Other Protists",50.3242,0,0,0,1
"Phytophthora colocasiae","Eukaryota;Protists;Other Protists",92.5142,0,0,0,3
"Phytophthora constricta","Eukaryota;Protists;Other Protists",84.7162,0,0,0,1
"Phytophthora cryptogea","Eukaryota;Protists;Other Protists",63.8393,0,0,0,1
"Phytophthora foliorum","Eukaryota;Protists;Other Protists",48.9216,0,0,0,1
"Phytophthora fragariae","Eukaryota;Protists;Other Protists",93.716,0,0,0,13
"Phytophthora gonapodyides","Eukaryota;Protists;Other Protists",61.1324,0,1,0,1
"Phytophthora hibernalis","Eukaryota;Protists;Other Protists",84.5086,0,0,0,2
"Phytophthora idaei","Eukaryota;Protists;Other Protists",60.47,0,0,0,3
"Phytophthora infestans","Eukaryota;Protists;Other Protists",228.544,0,0,0,5
"Phytophthora kernoviae","Eukaryota;Protists;Other Protists",41.9175,0,0,0,12
"Phytophthora lateralis","Eukaryota;Protists;Other Protists",52.4486,0,0,0,5
"Phytophthora litchii","Eukaryota;Protists;Other Protists",38.2009,0,0,0,1
"Phytophthora macrochlamydospora","Eukaryota;Protists;Other Protists",69.8526,0,0,0,1
"Phytophthora megakarya","Eukaryota;Protists;Other Protists",101.505,0,0,0,1
"Phytophthora melonis","Eukaryota;Protists;Other Protists",105.001,0,0,0,3
"Phytophthora multivora","Eukaryota;Protists;Other Protists",40.0622,0,0,0,2
"Phytophthora nicotianae","Eukaryota;Protists;Other Protists",59.045,0,0,0,4
"Phytophthora niederhauseri","Eukaryota;Protists;Other Protists",90.2,0,0,0,1
"Phytophthora ohioensis (nom. inval.)","Eukaryota;Protists;Other Protists",74.0015,0,0,0,1
"Phytophthora palmivora","Eukaryota;Protists;Other Protists",165.565,0,0,0,3
"Phytophthora parasitica","Eukaryota;Protists;Other Protists",82.3892,0,0,0,9
"Phytophthora parvispora","Eukaryota;Protists;Other Protists",46.7895,0,0,0,1
"Phytophthora pini","Eukaryota;Protists;Other Protists",51.4753,0,0,0,2
"Phytophthora pinifolia","Eukaryota;Protists;Other Protists",94.6173,0,0,0,1
"Phytophthora pisi","Eukaryota;Protists;Other Protists",58.8372,0,0,0,2
"Phytophthora pistaciae","Eukaryota;Protists;Other Protists",63.1256,0,0,0,1
"Phytophthora plurivora","Eukaryota;Protists;Other Protists",46.8755,18,0,0,2
"Phytophthora pluvialis","Eukaryota;Protists;Other Protists",53.6211,0,0,0,2
"Phytophthora pseudosyringae","Eukaryota;Protists;Other Protists",48.9442,0,0,0,2
"Phytophthora quercina","Eukaryota;Protists;Other Protists",71.7187,0,0,0,1
"Phytophthora quininea","Eukaryota;Protists;Other Protists",87.6499,0,0,0,1
"Phytophthora ramorum","Eukaryota;Protists;Other Protists",57.4514,0,0,0,28
"Phytophthora rubi","Eukaryota;Protists;Other Protists",78.9735,0,0,0,5
"Phytophthora sojae","Eukaryota;Protists;Other Protists",82.5976,0,0,0,2
"Phytophthora syringae","Eukaryota;Protists;Other Protists",74.9346,0,0,0,2
"Phytophthora taxon totara","Eukaryota;Protists;Other Protists",55.5809,0,0,0,2
"Phytophthora tubulina","Eukaryota;Protists;Other Protists",76.8397,0,0,0,1
"Phytophthora uliginosa","Eukaryota;Protists;Other Protists",57.0295,0,0,0,1
"Phytophthora versiformis","Eukaryota;Protists;Other Protists",116.939,0,0,0,1
"Phytophthora vignae","Eukaryota;Protists;Other Protists",84.5295,0,0,0,4
"Phytophthora x alni","Eukaryota;Protists;Other Protists",236,0,0,0,1
"Phytopythium aichiense","Eukaryota;Protists;Other Protists",37.5386,0,0,0,1
"Phytopythium boreale","Eukaryota;Protists;Other Protists",41.229,0,0,0,1
"Phytopythium chamaehyphon","Eukaryota;Protists;Other Protists",36.6366,0,0,0,1
"Phytopythium cucurbitacearum (nom. inval.)","Eukaryota;Protists;Other Protists",35.4792,0,0,0,1
"Phytopythium delawarense","Eukaryota;Protists;Other Protists",37.5648,0,0,0,1
"Phytopythium helicoides","Eukaryota;Protists;Other Protists",49.0893,0,0,0,2
"Phytopythium kandeliae","Eukaryota;Protists;Other Protists",35.1969,0,0,0,1
"Phytopythium litorale","Eukaryota;Protists;Other Protists",36.0438,0,0,0,1
"Phytopythium mirpurense","Eukaryota;Protists;Other Protists",36.7577,0,0,0,1
"Phytopythium montanum","Eukaryota;Protists;Other Protists",38.7746,0,0,0,1
"Phytopythium oedochilum","Eukaryota;Protists;Other Protists",35.7887,0,0,0,1
"Phytopythium ostracodes","Eukaryota;Protists;Other Protists",42.7247,0,0,0,1
"Phytopythium sindhum","Eukaryota;Protists;Other Protists",37.2674,0,0,0,1
"Phytopythium vexans","Eukaryota;Protists;Other Protists",41.7256,0,0,0,4
"Picochlorum","Eukaryota;Plants;Green Algae",14.3914,0,0,0,6
"Picochlorum costavermella","Eukaryota;Plants;Green Algae",14.6424,0,2,0,1
"Picocystis","Eukaryota;Plants;Green Algae",29.6462,0,1,0,2
"Pigoraptor chileana","Eukaryota;Protists;Other Protists",47.0625,0,0,0,1
"Pigoraptor vietnamica","Eukaryota;Protists;Other Protists",43.0333,0,0,0,1
"Pilasporangium apinafurcum","Eukaryota;Protists;Other Protists",37.4447,0,0,0,3
"Pinguiococcus pyrenoidosus","Eukaryota;Protists;Other Protists",32.0086,0,0,0,1
"Pirum gemmata","Eukaryota;Protists;Other Protists",84.1881,0,0,0,1
"Planoprotostelium fungivorum","Eukaryota;Protists;Other Protists",38.2881,0,0,0,1
"Plasmodiophora brassicae","Eukaryota;Protists;Other Protists",24.5596,0,0,0,50
"Plasmodium","Eukaryota;Protists;Apicomplexans",21.84,14,0,0,5
"Plasmodium berghei","Eukaryota;Protists;Apicomplexans",18.7806,16,1,0,6
"Plasmodium brasilianum","Eukaryota;Protists;Apicomplexans",31.4093,14,2,0,2
"Plasmodium cf. malariae","Eukaryota;Protists;Apicomplexans",27.3323,0,0,0,1
"Plasmodium chabaudi","Eukaryota;Protists;Apicomplexans",18.9738,1,2,0,5
"Plasmodium coatneyi","Eukaryota;Protists;Apicomplexans",27.6855,14,0,0,2
"Plasmodium cynomolgi","Eukaryota;Protists;Apicomplexans",26.1813,14,0,0,2
"Plasmodium falciparum","Eukaryota;Protists;Apicomplexans",23.3328,16,0,0,61
"Plasmodium fragile","Eukaryota;Protists;Apicomplexans",25.9145,0,0,0,1
"Plasmodium gaboni","Eukaryota;Protists;Apicomplexans",20.3855,14,1,0,3
"Plasmodium gallinaceum","Eukaryota;Protists;Apicomplexans",25.034,0,3,0,1
"Plasmodium gonderi","Eukaryota;Protists;Apicomplexans",33.0063,0,0,0,1
"Plasmodium inui","Eukaryota;Protists;Apicomplexans",27.405,0,0,0,1
"Plasmodium knowlesi","Eukaryota;Protists;Apicomplexans",24.396,14,3,0,8
"Plasmodium malariae","Eukaryota;Protists;Apicomplexans",33.618,14,3,0,3
"Plasmodium ovale","Eukaryota;Protists;Apicomplexans",35.6548,0,0,0,6
"Plasmodium reichenowi","Eukaryota;Protists;Apicomplexans",20.5017,14,1,0,3
"Plasmodium relictum","Eukaryota;Protists;Apicomplexans",22.6074,14,3,0,1
"Plasmodium vinckei","Eukaryota;Protists;Apicomplexans",18.3742,14,2,0,10
"Plasmodium vivax","Eukaryota;Protists;Apicomplexans",27.0137,14,1,0,18
"Plasmodium yoelii","Eukaryota;Protists;Apicomplexans",23.0835,14,2,0,12
"Plasmopara halstedii","Eukaryota;Protists;Other Protists",75.3218,0,0,0,5
"Plasmopara muralis","Eukaryota;Protists;Other Protists",59.5409,0,0,0,1
"Plasmopara obducens","Eukaryota;Protists;Other Protists",295.301,0,0,0,2
"Plasmopara viticola","Eukaryota;Protists;Other Protists",92.9378,0,0,0,3
"Polarella glacialis","Eukaryota;Protists;Other Protists",2984.68,0,0,0,2
"Polymyxa betae","Eukaryota;Protists;Other Protists",27.0858,0,0,0,1
"Polyplastron multivesiculatum","Eukaryota;Protists;Other Protists",117.365,0,0,0,8
"Polysphondylium violaceum","Eukaryota;Protists;Other Protists",25.7234,0,0,0,1
"Porcisia deanei","Eukaryota;Protists;Kinetoplasts",29.5066,0,0,0,1
"Porcisia hertigi","Eukaryota;Protists;Kinetoplasts",34.9585,36,0,0,2
"Porolithon onkodes","Eukaryota;Other;Other",226.238,0,0,0,1
"Porospora cf. gigantea A","Eukaryota;Protists;Apicomplexans",8.81266,0,0,0,1
"Porospora cf. gigantea B","Eukaryota;Protists;Apicomplexans",9.05478,0,0,0,1
"Porphyra umbilicalis","Eukaryota;Other;Other",87.889,0,1,0,1
"Porphyridium purpureum","Eukaryota;Other;Other",22.1923,0,0,0,3
"Poterioochromonas","Eukaryota;Protists;Other Protists",57.5586,0,0,0,1
"Poteriospumella lacustris","Eukaryota;Protists;Other Protists",54.713,0,0,0,3
"Prasinocladus","Eukaryota;Plants;Green Algae",88.2565,0,0,0,1
"Prorocentrum minimum","Eukaryota;Protists;Other Protists",29.349,0,0,0,1
"Proteromonas lacertae","Eukaryota;Protists;Other Protists",52.2486,0,0,0,1
"Protostelium mycophagum","Eukaryota;Protists;Other Protists",39.718,0,0,0,1
"Prototheca bovis","Eukaryota;Plants;Green Algae",24.7449,0,0,0,1
"Prototheca ciferrii","Eukaryota;Plants;Green Algae",26.4489,0,0,0,1
"Prototheca cutis","Eukaryota;Plants;Green Algae",20.029,0,0,0,2
"Prototheca stagnorum","Eukaryota;Plants;Green Algae",16.8962,0,0,0,1
"Prototheca wickerhamii","Eukaryota;Plants;Green Algae",16.7006,0,0,0,2
"Psammoneis japonica","Eukaryota;Other;Other",91.4306,0,0,0,1
"Pseudo-nitzschia multistriata","Eukaryota;Other;Other",56.7652,0,0,0,1
"Pseudocohnilembus persalinus","Eukaryota;Protists;Other Protists",55.4554,0,0,0,1
"Pseudokeronopsis carnea","Eukaryota;Protists;Other Protists",76.7708,0,0,0,1
"Pseudokeronopsis flava","Eukaryota;Protists;Other Protists",52.5195,0,0,0,1
"Pseudoperonospora cubensis","Eukaryota;Protists;Other Protists",64.3328,0,0,0,1
"Pseudoperonospora humuli","Eukaryota;Protists;Other Protists",40.5067,0,0,0,1
"Pycnococcus provasolii","Eukaryota;Plants;Green Algae",32.2539,44,1,0,3
"Pyramimonas parkeae","Eukaryota;Plants;Green Algae",249.415,0,0,0,1
"Pythium","Eukaryota;Protists;Other Protists",48.3838,0,0,0,1
"Pythium amasculinum","Eukaryota;Protists;Other Protists",35.7178,0,0,0,1
"Pythium angustatum","Eukaryota;Protists;Other Protists",59.2181,0,0,0,1
"Pythium aphanidermatum","Eukaryota;Protists;Other Protists",35.8768,0,0,0,3
"Pythium apiculatum","Eukaryota;Protists;Other Protists",45.0985,0,0,0,1
"Pythium apleroticum","Eukaryota;Protists;Other Protists",44.8698,0,0,0,1
"Pythium aquatile","Eukaryota;Protists;Other Protists",43.5781,0,0,0,1
"Pythium aristosporum","Eukaryota;Protists;Other Protists",48.3698,0,0,0,1
"Pythium arrhenomanes","Eukaryota;Protists;Other Protists",44.6726,0,0,0,1
"Pythium biforme","Eukaryota;Protists;Other Protists",45.7743,0,0,0,1
"Pythium brachiatum","Eukaryota;Protists;Other Protists",46.9406,0,0,0,1
"Pythium catenulatum","Eukaryota;Protists;Other Protists",94.9717,0,0,0,1
"Pythium chondricola","Eukaryota;Protists;Other Protists",37.0487,0,0,0,1
"Pythium coloratum","Eukaryota;Protists;Other Protists",45.3088,0,0,0,1
"Pythium diclinum","Eukaryota;Protists;Other Protists",41.4169,0,0,0,1
"Pythium dissimile","Eukaryota;Protists;Other Protists",35.899,0,0,0,1
"Pythium dissotocum","Eukaryota;Protists;Other Protists",44.9667,0,0,0,1
"Pythium folliculosum","Eukaryota;Protists;Other Protists",40.3564,0,0,0,1
"Pythium graminicola","Eukaryota;Protists;Other Protists",44.2299,0,0,0,1
"Pythium grandisporangium","Eukaryota;Protists;Other Protists",37.1505,0,0,0,1
"Pythium guiyangense","Eukaryota;Protists;Other Protists",110.178,0,0,0,1
"Pythium hydnosporum","Eukaryota;Protists;Other Protists",35.5173,0,0,0,1
"Pythium inflatum","Eukaryota;Protists;Other Protists",67.1823,0,0,0,1
"Pythium insidiosum","Eukaryota;Protists;Other Protists",55.3534,0,0,0,13
"Pythium lycopersicum","Eukaryota;Protists;Other Protists",35.6904,0,0,0,1
"Pythium monospermum","Eukaryota;Protists;Other Protists",39.1338,0,0,0,1
"Pythium myriotylum","Eukaryota;Protists;Other Protists",58.8681,0,0,0,4
"Pythium oligandrum","Eukaryota;Protists;Other Protists",39.1014,0,0,0,5
"Pythium ornamentatum","Eukaryota;Protists;Other Protists",36.0276,0,0,0,1
"Pythium pectinolyticum","Eukaryota;Protists;Other Protists",55.2578,0,0,0,1
"Pythium periplocum","Eukaryota;Protists;Other Protists",35.8865,0,0,0,2
"Pythium phragmiticola","Eukaryota;Protists;Other Protists",40.2118,0,0,0,1
"Pythium phragmitis","Eukaryota;Protists;Other Protists",40.4047,0,0,0,1
"Pythium plurisporium","Eukaryota;Protists;Other Protists",46.573,0,0,0,1
"Pythium porphyrae","Eukaryota;Protists;Other Protists",35.2489,0,0,0,1
"Pythium pyrilobum","Eukaryota;Protists;Other Protists",46.3791,0,0,0,1
"Pythium rhizo-oryzae","Eukaryota;Protists;Other Protists",94.0481,0,0,0,1
"Pythium rishiriense","Eukaryota;Protists;Other Protists",38.5608,0,0,0,1
"Pythium scleroteichum","Eukaryota;Protists;Other Protists",44.4171,0,0,0,1
"Pythium sukuiense","Eukaryota;Protists;Other Protists",40.1735,0,0,0,1
"Pythium torulosum","Eukaryota;Protists;Other Protists",40.2591,0,0,0,1
"Pythium utonaiense","Eukaryota;Protists;Other Protists",41.7074,0,0,0,1
"Pythium vanterpoolii","Eukaryota;Protists;Other Protists",33.9371,0,0,0,1
"Pythium volutum","Eukaryota;Protists;Other Protists",53.9119,0,0,0,1
"[Pythium] brassicae (nom. inval.)","Eukaryota;Protists;Other Protists",50.0694,0,0,0,1
"Raphidocelis subcapitata","Eukaryota;Plants;Green Algae",51.1627,0,0,0,1
"Reticulomyxa filosa","Eukaryota;Protists;Other Protists",101.867,0,0,0,1
"Rhabdomonas costata","Eukaryota;Protists;Other Protists",97.2499,0,0,0,1
"Rhodosorus marinus","Eukaryota;Other;Other",31.1894,0,0,0,1
"Rostrostelium ellipticum","Eukaryota;Protists;Other Protists",62.1602,0,0,0,1
"Saccharina japonica","Eukaryota;Other;Other",535.383,0,0,0,2
"Salisapilia sapeloensis","Eukaryota;Protists;Other Protists",22.4373,0,0,0,1
"Salpingoeca rosetta","Eukaryota;Protists;Other Protists",55.4403,0,0,0,1
"Saprolegnia diclina","Eukaryota;Protists;Other Protists",62.8858,0,0,0,1
"Saprolegnia parasitica","Eukaryota;Protists;Other Protists",53.1316,0,0,0,1
"Sarcocystis neurona","Eukaryota;Protists;Apicomplexans",124.405,0,0,0,2
"Scenedesmus","Eukaryota;Plants;Green Algae",93.2383,2,1,0,4
"Scenedesmus quadricauda","Eukaryota;Plants;Green Algae",65.3539,0,0,0,1
"Scenedesmus vacuolatus","Eukaryota;Plants;Green Algae",23.3582,0,0,0,1
"Schizochytrium","Eukaryota;Protists;Other Protists",64.0681,0,0,0,2
"Schmidingerella arcuata","Eukaryota;Protists;Other Protists",48.3687,0,0,0,2
"Schmidingerella meunieri","Eukaryota;Protists;Other Protists",39.6588,0,0,0,1
"Sclerospora graminicola","Eukaryota;Protists;Other Protists",299.901,0,0,0,2
"Seminavis robusta","Eukaryota;Other;Other",125.573,0,0,0,1
"Skeletonema costatum","Eukaryota;Other;Other",51.1349,0,0,0,1
"Speleostelium caveatum","Eukaryota;Protists;Other Protists",30.9522,0,0,0,1
"Sphaeroforma arctica","Eukaryota;Protists;Other Protists",121.631,0,0,0,2
"Sphaeroforma sirkka","Eukaryota;Protists;Other Protists",125.635,0,1,0,1
"Spirogloea muscicola","Eukaryota;Plants;Other Plants",170.819,0,0,0,1
"Spironucleus salmonicida","Eukaryota;Protists;Other Protists",14.5459,9,0,0,1
"Spongospora subterranea","Eukaryota;Protists;Other Protists",28.0849,0,0,0,1
"Spumella","Eukaryota;Protists;Other Protists",69.7984,0,0,0,1
"Spumella vulgaris","Eukaryota;Protists;Other Protists",89.6184,0,0,0,1
"Stentor coeruleus","Eukaryota;Protists;Other Protists",77.8312,0,0,0,1
"Stentor roeselii","Eukaryota;Protists;Other Protists",45.543,0,0,0,1
"Sterkiella histriomuscorum","Eukaryota;Protists;Other Protists",66.3686,0,0,0,1
"Stramenopiles MAST-3","Eukaryota;Protists;Other Protists",21.1214,0,0,0,1
"Stramenopiles MAST-4","Eukaryota;Protists;Other Protists",30.0448,0,0,0,3
"Streblomastix strix","Eukaryota;Protists;Other Protists",152.152,0,0,0,1
"Strigomonas culicis","Eukaryota;Protists;Kinetoplasts",23.5872,0,0,0,2
"Strigomonas galati","Eukaryota;Protists;Kinetoplasts",27.235,0,0,0,1
"Strigomonas oncopelti","Eukaryota;Protists;Kinetoplasts",24.9629,0,0,0,1
"Strombidium stylifer","Eukaryota;Protists;Other Protists",70.9627,0,0,0,1
"Stylonychia lemnae","Eukaryota;Protists;Other Protists",50.1645,0,0,0,2
"Symbiodinium","Eukaryota;Protists;Other Protists",694.902,0,0,0,4
"Symbiodinium kawagutii","Eukaryota;Protists;Other Protists",935.067,0,0,0,1
"Symbiodinium microadriaticum","Eukaryota;Protists;Other Protists",808.227,0,0,0,3
"Symbiodinium natans","Eukaryota;Protists;Other Protists",761.62,0,0,0,1
"Symbiodinium necroappetens","Eukaryota;Protists;Other Protists",767.953,0,0,0,1
"Symbiodinium pilosum","Eukaryota;Protists;Other Protists",1089.42,0,0,0,1
"Synstelium polycarpum","Eukaryota;Protists;Other Protists",62.2201,0,0,0,1
"Synura","Eukaryota;Protists;Other Protists",116.233,0,0,0,1
"Tetmemena","Eukaryota;Protists;Other Protists",236.912,0,0,0,2
"Tetrabaena socialis","Eukaryota;Plants;Green Algae",135.78,0,0,0,1
"Tetradesmus acuminatus","Eukaryota;Plants;Green Algae",119.241,0,0,0,1
"Tetradesmus obliquus","Eukaryota;Plants;Green Algae",107.716,0,0,0,3
"Tetrahymena borealis","Eukaryota;Protists;Other Protists",93.5061,0,0,0,1
"Tetrahymena elliotti","Eukaryota;Protists;Other Protists",90.8376,0,0,0,1
"Tetrahymena malaccensis","Eukaryota;Protists;Other Protists",106.672,0,0,0,1
"Tetrahymena thermophila","Eukaryota;Protists;Other Protists",103.014,1,0,0,3
"Tetramitus jugosus","Eukaryota;Protists;Other Protists",26.3502,52,1,0,2
"Tetraselmis striata","Eukaryota;Plants;Green Algae",227.954,0,0,0,1
"Tetratostichococcus","Eukaryota;Plants;Green Algae",51.9927,0,0,0,1
"Thalassiosira","Eukaryota;Other;Other",0.1345,0,0,0,1
"Thalassiosira oceanica","Eukaryota;Other;Other",83.5129,0,0,0,2
"Thalassiosira pseudonana","Eukaryota;Other;Other",32.4374,20,0,0,1
"Thalassiosira sundarbana","Eukaryota;Other;Other",52.8924,0,0,0,1
"Thecamonas trahens","Eukaryota;Protists;Other Protists",28.6806,0,0,0,1
"Theileria","Eukaryota;Protists;Apicomplexans",9.3019,0,0,0,1
"Theileria annulata","Eukaryota;Protists;Apicomplexans",8.35812,4,0,0,1
"Theileria equi","Eukaryota;Protists;Apicomplexans",11.6745,2,0,0,3
"Theileria orientalis","Eukaryota;Protists;Apicomplexans",9.01036,4,0,0,3
"Theileria parva","Eukaryota;Protists;Apicomplexans",8.34761,2,1,0,6
"Thraustochytrium","Eukaryota;Protists;Other Protists",18.0999,0,0,0,2
"Thraustochytrium aureum","Eukaryota;Protists;Other Protists",35.1039,0,0,0,1
"Thraustochytrium striatum","Eukaryota;Protists;Other Protists",39.5054,0,0,0,1
"Thraustotheca clavata","Eukaryota;Protists;Other Protists",39.1007,0,0,0,1
"Tieghemostelium lacteum","Eukaryota;Protists;Other Protists",23.3757,0,0,0,1
"Toxoplasma gondii","Eukaryota;Protists;Apicomplexans",65.6681,14,1,0,28
"Trebouxia","Eukaryota;Plants;Green Algae",52.8968,0,0,0,3
"Trebouxia gelatinosa","Eukaryota;Plants;Green Algae",61.7262,0,0,0,1
"Tribonema minus","Eukaryota;Protists;Other Protists",158.345,0,0,0,1
"Trichomonas gallinae","Eukaryota;Protists;Other Protists",54.794,0,0,0,1
"Trichomonas stableri","Eukaryota;Protists;Other Protists",72.3415,6,0,0,1
"Trichomonas tenax","Eukaryota;Protists;Other Protists",63.3787,0,0,0,2
"Trichomonas vaginalis","Eukaryota;Protists;Other Protists",181.467,6,0,0,3
"Triparma laevis","Eukaryota;Protists;Other Protists",42.5735,0,0,0,1
"Tritrichomonas foetus","Eukaryota;Protists;Other Protists",67.5857,0,0,0,2
"Trypanosoma brucei","Eukaryota;Protists;Kinetoplasts",26.0755,10,0,0,5
"Trypanosoma congolense","Eukaryota;Protists;Kinetoplasts",41.2334,0,0,0,3
"Trypanosoma conorhini","Eukaryota;Protists;Kinetoplasts",21.3342,0,0,0,1
"Trypanosoma cruzi","Eukaryota;Protists;Kinetoplasts",89.9375,0,0,0,39
"Trypanosoma equiperdum","Eukaryota;Protists;Kinetoplasts",26.228,0,0,0,1
"Trypanosoma evansi","Eukaryota;Protists;Kinetoplasts",25.4322,13,0,0,1
"Trypanosoma grayi","Eukaryota;Protists;Kinetoplasts",20.9341,0,0,0,1
"Trypanosoma melophagium","Eukaryota;Protists;Kinetoplasts",23.3037,0,0,0,1
"Trypanosoma rangeli","Eukaryota;Protists;Kinetoplasts",21.1573,0,0,0,2
"Trypanosoma theileri","Eukaryota;Protists;Kinetoplasts",29.8222,0,0,0,1
"Trypanosoma vivax","Eukaryota;Protists;Kinetoplasts",67.8239,0,0,0,3
"Ulva compressa","Eukaryota;Plants;Green Algae",80.8154,0,0,0,1
"Ulva mutabilis","Eukaryota;Plants;Green Algae",98.4847,0,0,0,1
"Ulva prolifera","Eukaryota;Plants;Green Algae",88.9388,9,0,0,3
"unclassified Bacillariophyta","Eukaryota;Other;Other",37.6326,0,0,0,11
"unclassified Bathycoccaceae","Eukaryota;Plants;Green Algae",11.2399,0,0,0,8
"unclassified Chlorophyta","Eukaryota;Plants;Green Algae",29.1006,0,0,0,1
"unclassified eukaryotes","Eukaryota;Protists;Other Protists",29.4891,0,0,0,254
"unclassified Fonticulida","Eukaryota;Protists;Other Protists",9.51461,0,0,0,1
"unclassified Fragilariophycidae","Eukaryota;Other;Other",22.7311,0,0,0,8
"unclassified Ichthyosporea","Eukaryota;Protists;Other Protists",36.6681,0,0,0,1
"unclassified Mamiellaceae","Eukaryota;Plants;Green Algae",3.15282,0,0,0,1
"unclassified Mamiellophyceae","Eukaryota;Plants;Green Algae",10.2834,0,0,0,1
"unclassified Ochromonadaceae","Eukaryota;Protists;Other Protists",61.1168,0,0,0,1
"unclassified Pavlovales","Eukaryota;Protists;Other Protists",165.404,0,0,0,1
"unclassified Pedinophyceae","Eukaryota;Plants;Green Algae",27.8999,0,0,0,1
"unclassified Pelagophyceae","Eukaryota;Protists;Other Protists",85.8245,0,0,0,1
"unclassified Prasinococcaceae","Eukaryota;Plants;Green Algae",28.5714,0,0,0,1
"unclassified Rhizaria","Eukaryota;Protists;Other Protists",34.9165,0,0,0,1
"unclassified Streptophyta","Eukaryota;Plants;Other Plants",2.99836,0,0,0,6
"unclassified Trebouxiophyceae","Eukaryota;Plants;Green Algae",44.6862,16,0,0,2
"unclassified Trypanosomatidae","Eukaryota;Protists;Kinetoplasts",22.9741,0,0,0,7
"uncultured Bacillariales","Eukaryota;Other;Other",19.07,0,0,0,1
"uncultured Bathycoccus","Eukaryota;Plants;Green Algae",14.1944,0,0,0,6
"uncultured Chlorellales","Eukaryota;Plants;Green Algae",7.9585,0,0,0,1
"uncultured Chrysochromulina","Eukaryota;Protists;Other Protists",59.9724,0,0,0,2
"uncultured ciliate","Eukaryota;Protists;Other Protists",20.3477,0,0,0,5
"uncultured Cryptomonadales","Eukaryota;Protists;Other Protists",6.11624,0,0,0,1
"uncultured eukaryote","Eukaryota;Protists;Other Protists",232.679,0,0,0,6
"uncultured Oligohymenophorea","Eukaryota;Protists;Other Protists",69.7154,0,0,0,1
"uncultured Thalassiosira","Eukaryota;Other;Other",30.7396,0,0,0,1
"uncultured Trebouxiophyceae","Eukaryota;Plants;Green Algae",4.75606,0,0,0,1
"Undaria pinnatifida","Eukaryota;Other;Other",511.28,0,0,0,2
"Uroleptopsis citrina","Eukaryota;Protists;Other Protists",32.3472,1,0,0,1
"Uronychia binucleata","Eukaryota;Protists;Other Protists",68.0095,0,0,0,1
"Uronychia setigera","Eukaryota;Protists;Other Protists",110.941,0,0,0,1
"Urostyla","Eukaryota;Protists;Other Protists",42.6224,0,0,0,1
"Vannella","Eukaryota;Protists;Other Protists",14.2426,0,0,0,2
"Vermamoeba vermiformis","Eukaryota;Protists;Other Protists",39.5255,0,1,0,1
"Vickermania ingenoplastis","Eukaryota;Protists;Kinetoplasts",35.3003,0,0,0,1
"Vitrella brassicaformis","Eukaryota;Protists;Other Protists",72.7007,0,0,0,1
"Volvox africanus","Eukaryota;Plants;Green Algae",129.328,0,0,0,1
"Volvox carteri","Eukaryota;Plants;Green Algae",137.684,0,0,0,1
"Volvox reticuliferus","Eukaryota;Plants;Green Algae",133.065,0,0,0,2
"Willaertia magna","Eukaryota;Protists;Other Protists",36.4769,0,0,0,4
"Yamagishiella unicocca","Eukaryota;Plants;Green Algae",134.235,0,0,0,2
